url,link_title,sentiment,text
https://www.technologyreview.com/s/610176/terrible-people-have-learned-to-exploit-the-internet-yasmin-green-is-fighting-back/?utm_source=twitter.com&utm_medium=social&utm_content=2018-02-19&utm_campaign=Technology+Review,Terrible people learned to exploit the internet. Yasmin Green is fighting back,,
https://www.engadget.com/2018/02/15/crispr-detect-hpv-and-zika/,Researchers Use CRISPR to Detect HPV and Zika,,
https://arstechnica.com/tech-policy/2018/02/facebooks-secret-weapon-in-the-fight-against-foreign-meddling-postcards/,Facebook’s secret weapon in the fight against foreign meddling? Postcards,,
https://phys.org/news/2018-02-gates-billionaires-significantly-taxes.html,Gates says billionaires should pay 'significantly' more taxes,,
https://hackernoon.com/the-big-secret-of-small-improvements-23256eb07b7,The big secret of small improvements,,
https://www.theverge.com/platform/amp/circuitbreaker/2018/2/18/17021710/apple-iphone-x-smartphone-case-design-dangers-caseless?__twitter_impression=true,The case for using the iPhone X without a case,,
item?id=16415243,Ask HN: Will Facebook or Apple enter the cloud computing business?,,
https://hashnode.com/ama/with-expo-team-cjdqxyifm04hwt3wt80z47mf7,AMA with Expo team is live right now,,
https://chrisshort.net/open-source-101-raleigh-2018/,Open Source 101 Raleigh 2018,,
https://ma.ttias.be/show-idn-punycode-firefox-avoid-phishing-urls/,Show IDN punycode in Firefox to avoid phishing URLs,,
https://dev.to/yellowbrickcode/fight-for-the-architecture--5k3,Fight for the Architecture,,
http://www.getfusno.com,I made an external snow brush,,
https://techxplore.com/news/2018-02-google-ai-heart-disease-pictures.html,Google AI can predict heart disease by looking at pictures of the retina,,
https://ico.red-lang.org/,RedLang Blockchain Site,,
http://nautil.us/issue/38/noise/this-is-your-brain-on-silence-rp,This Is Your Brain on Silence,,
https://cryptolotto.cc,Introducing New Ethereum Powered Dapp,,
https://hackernoon.com/you-are-being-manipulated-de2640984866,You are being manipulated,,
https://www.usnews.com/opinion/economic-intelligence/articles/2018-02-14/us-economy-is-in-danger-of-overheating-and-exploding-into-financial-crisis,A Crisis is coming,,
https://medium.com/from-the-couch/setting-up-unifi-controller-software-in-ubuntu-on-the-orangepi-zero-d558c5c2ecfb,Setting up UniFi controller software in Ubuntu on the OrangePi Zero,,
http://www.craftinginterpreters.com/chunks-of-bytecode.html,Crafting Interpreters: Chunks of Bytecode,,
http://www.hekob.com,Launching Hekob – Onsite Crash Courses (Udemy in Real Life),,
https://blog.patsnap.com/new-product-development-process-evolution,Virgin Galactic Ex-President on the smart way to build new products,,
http://www.bbc.com/news/world-asia-china-43109139,Terracotta theft: Chinese anger over stolen warrior thumb,,
https://onsaasproducts.wordpress.com/2012/03/09/developing-saas-forget-scrum-check-out-kanban-and-similar-approaches/,"Developing SaaS? Forget Scrum, Check Out Kanban and Similar Approaches",,
https://www.aitp.org/blog/aitp-blog/2018/02/15/technology-takes-center-stage/,2018 IT Industry Outlook,,
item?id=16415064,Portainer.io plus Storidge.com,,
https://techcrunch.com/2018/02/16/apple-employees-are-reportedly-walking-into-walls-at-the-companys-fancy-new-glass-office/?ref=1f2g4fwc,Apple employees are walking into walls at the company’s new glass office,,
https://brainlessdeveloper.com/2018/02/19/git-best-practices-atomic-commits/,Thoughts on atomic commits and quality of life,,
https://ide.onelang.io,OneLang: write code in 11 languages at the same time,,
https://medium.com/@maneesha.wijesinghe1/what-happens-when-you-type-an-url-in-the-browser-and-press-enter-bb0aa2449c1a,What happens when you type an URL in the browser and press enter?,,
http://thetechnocafe.com/how-to-use-room-in-android-all-you-need-to-know-to-get-started/,How to use Room in Android,,
http://www.aljazeera.com/news/2018/02/qatar-gene-mapping-bid-improve-national-health-180211160646111.html,"Qatar SIDRA, Beijing Genomics to genetically map an entire population",,
https://techcrunch.com/2018/02/19/nike-teamed-up-with-snap-and-darkstore-to-pre-release-air-jordan-iii-tinker-shoes-on-snapchat/,Nike Teamed Up with Snap and Darkstore to Pre-Release Air Jordan III Shoes,,
https://sf.curbed.com/2018/2/16/17021218/apple-park-employees-glass-walls-hitting,Apple Park employees reportedly smacking into new headquarters’ glass walls,,
https://matcardz.com,"Show HN: Beautiful, free customizable and downloadable Web-Card",,
https://css-tricks.com/reboot-resets-reasoning/,"CSS reboot, resets and reasoning (Oct 2017)",,
https://techcrunch.com/2018/02/19/wikipedias-free-to-access-program-for-developing-countries-is-being-sunset/,Wikipedia’s free-to-access program for developing countries is being sunset,,
https://techcrunch.com/2018/02/19/hulus-weekend-outage-affected-some-users-trying-to-watch-olympics-nba-all-star-game/,"Hulu’s weekend outage affected users trying to watch Olympics, NBA All-Star game",,
http://www.washingtonexaminer.com/the-declaration-of-independence-full-text/article/2627742,The Declaration of Independence: Full Text,,
https://bankinnovation.net/2018/02/whatsapp-to-launch-full-feature-money-transfer-service-in-india/,WhatsApp to Launch ‘Full Feature’ Money Transfer Service in India,,
https://blog.cryptographyengineering.com/2018/02/17/a-few-notes-on-medsec-and-st-jude-medical/,A Few Notes on Medsec and St. Jude Medical,,
https://undark.org/article/nubia-sudan-amara-west-archaeology/,"In Sudan, Rediscovering Ancient Nubia Before It’s Too Late",,
http://www.acolumbinesite.com/eric/writing/journal/journal.php,We know why this keeps happening: Diary of Columbine killer Eric Harris (1999),,
https://www.buzzfeed.com/janelytvynenko/doctored-reporter-tweets,Twitter Says Rules About Journalists Being Impersonated in Tweets Need Revision,,
http://llvmweekly.org/issue/216,"LLVM Weekly – #216, Feb 19th 2018",,
item?id=16414981,Ask HN: Can .NET win back developers?,,
https://thenextweb.com/contributors/2018/02/18/turning-big-data-sound/,Turning big data into sound,,
http://www.weaknetlabs.com/2018/02/weaknet-linux-8-caffeine-x64.html,WeakNet 8 CAFFEINE a Linux distribution designed for network penetration testing,,
item?id=16414956,Ask HN: Are Facebook-driven sales incompatible with GDPR?,,
http://www.latimes.com/local/lanow/la-me-bears-fire-20180219-story.html,Bears burned in Thomas fire sent back into the wild after rehab,,
https://www.nytimes.com/2018/02/19/world/canada/windsor-hum.html?module=WatchingPortal&region=c-column-middle-span-region&pgType=Homepage&action=click&mediaId=thumb_square&state=standard&contentPlacement=3&version=internal&contentCollection=www.nytimes.com&contentId=https%3A%2F%2Fwww.nytimes.com%2F2018%2F02%2F19%2Fworld%2Fcanada%2Fwindsor-hum.html&eventName=Watching-article-click,"There’s a Persistent Hum in This Canadian City, and No One Knows Why",,
https://thecontrol.co/lessons-from-makerdao-a42081116e9a,Lessons from MakerDAO that can be applied to any token-based project,,
http://www.psypost.org/2018/02/large-amount-wealth-linked-increased-happiness-especially-among-earned-50767,Large amount of wealth linked to increased happiness; especially who earned it,,
https://blog.bitmex.com/tether/,An analysis of Tether: concerns over regulation outweigh those of solvency,,
item?id=16414904,Ask HN: Free and Open Source clone of a Web App. you wish existed?,,
http://www.chicagotribune.com/news/nationworld/ct-rare-copy-declaration-of-independence-20180218-story.html,Copy of Declaration of Independence survived Civil War hidden behind wallpaper,,
https://medium.com/@k0kubun/the-method-jit-compiler-for-ruby-2-6-388ee0989c13,The method JIT compiler for Ruby 2.6,,
https://www.helprange.com/,"Show HN: Check who, when and how is viewing your PDF",,
https://www.grokacademy.com/lessons/beginning-functional-programming/,Beginning Functional Programming,,
http://roguehealthandfitness.com/can-low-carbohydrate-diet-prevent-treat-cancer/,Can a Low-Carbohydrate Diet Prevent or Treat Cancer?,,
http://arturodigital.com/blog/advantages-of-cross-platform-apps/,Advantages of Cross Platform App Development for Businesses,,
https://moz.com/blog/35-percent-of-local-keywords-have-local-pack-ads?utm_source=twitter&utm_medium=social&utm_content=35_percent_of_local_keywords_have_local_pack_ads&utm_campaign=blog_post,35% of local keywords have pack ads,,
https://news.stanford.edu/pr/2011/pr-famine-040411.html,The American Relief Expedition to Soviet Russia in the Famine of 1921 (2011),,
http://www.whereisroadster.com/,Where Is Elon Musk's Tesla Roadster with Starman?,,
https://truewestmagazine.com/keepers-of-the-seed/,Pawnee Eagle Corn Thought to Be Extinct Revived,,
https://medium.com/stanford-salon/the-magic-of-hang-gliding-pitr-suchanek-80cdf600a68a,The Magic of Hang Gliding,,
https://medium.com/@ketacode/the-big-secret-of-small-improvements-23256eb07b7,The big secret of small improvements,,
https://vrsketch.eu,Show HN: VRSketch – VR drawing tool for architects and designers,,
https://80000hours.org/2018/02/bruce-friedrich-good-food-institute/,The case that inventing superb meat replacements is the best way to help animals,,
http://store.steampowered.com/app/695920/Super_Seducer/,Super Seducer: A game to teach state-of-the-art seduction secrets,,
https://www.hongkongfp.com/2018/02/17/apple-paving-way-cloud-dictatorship-china/,How Apple is paving the way to a ‘cloud dictatorship’ in China,,
https://www.macstories.net/mac/a-history-of-the-xserve-apples-one-rack-wonder/,A History of the Xserve: Apple’s One Rack Wonder,,
https://www.blitzresults.com/en/meat/,"The Meat-Calculator, how many animals do you eat?",,
https://www.vox.com/energy-and-environment/2017/12/12/16767152/arctic-sea-ice-extent-chart,"We’re witnessing the fastest decline in Arctic sea ice in at least 1,500 years",,
https://www.city-journal.org/html/getting-straight-through-work-15260.html,Getting Straight Through Work,,
https://www.cs.stanford.edu/~knuth/papers/cs1055.pdf,A Programming and Problem-Solving Seminar by Donald Knuth (1985) [pdf],,
https://www.dapptrack.com/,"A site where you can track DApps like Cryptokitties and Etherbots, dapptrack.com",,
https://www.lesserwrong.com/posts/tKwJQbo6SfWF2ifKh/toward-a-new-technical-explanation-of-technical-explanation,Toward a New Technical Explanation of Technical Explanation,,
https://www.outsideonline.com/2281721/why-cant-riding-bikes-america-just-be-normal,Why Can’t Riding Bikes in America Just Be Normal?,,
http://blog.launchdarkly.com/when-a-necessary-evil-becomes-indispensable-testing-in-production-at-handshake/,When a Necessary Evil Becomes Indispensable: Testing in Production at Handshake,,
https://digiday.com/media/promised-facebook-traffic-news-publishers-declines-post-news-free-change/,"As promised, Facebook traffic to news publishers declines again",,
https://probot.github.io/,Probot – GitHub Apps to automate and improve your workflow,,
https://cloudron.io/store/github.pages.cloudronapp.html,Selfhosted GitHub Pages for Cloudron,,
https://www.nber.org/papers/w24337?utm_campaign=ntw&utm_medium=email&utm_source=ntw,No Strings Attached: The Behavioral Effects of U.S. Unconditional Cash Transfer,,
https://msadowski.github.io/lets-learn-from-patagonia/,Let's learn from Patagonia,,
https://insights.ourcrowd.com/how-to-create-your-startup-story-85bc4960a178,How to Create the Story for Your Startup,,
item?id=16414485,Ask HN: (looking advice) building websites for local businesses (Side hustle)?,,
https://medium.com/@UnicornAgency/majestic-mondays-feb-19-2018-what-our-unicorns-are-grateful-for-6b9b8890acd0,"Majestic Mondays – Feb. 19, 2018 – What Our Unicorns Are Grateful For",,
https://coinshilling.com/?order=activeUserCount,Biggest collection of Reddit data per cryptocoin,,
item?id=16414432,Ask HN: Anybody use optimization/ OR techniques professionally?,,
https://updata.com/insights/saas-metrics-framework/,SaaS Metrics Framework,,
https://www.hpe.com/us/en/insights/articles/skills-you-need-to-survive-in-an-iot-world-1802.html,Skills you need to survive in an IoT world: Where the money is,,
https://thecombedthunderclap.blogspot.com/2018/02/syntax-char-rnn-for-context-encoding.html,Syntax Char RNN for Context Encoding,,
https://blog.appacademy.io/planning-early-career-leads-success/,Fighter jet engineer: planning early in your career leads to success,,
https://aeon.co/ideas/if-work-dominated-your-every-moment-would-life-be-worth-living,If work dominated your every moment would life be worth living?,,
https://betterhumans.coach.me/zero-tolerance-for-slow-pace-specific-steps-for-aggressively-fast-software-development-8f81f5c6ba00,Zero Tolerance for Slow Pace – Specific Steps for Rapid Development,,
https://reason.com/blog/2018/02/19/ruth-bader-ginsburg-due-process-me-too,Ruth Bader Ginsburg Thinks Some College Title IX Trials Are Unfair to Accused,,
https://shekhargulati.com/2018/02/15/single-sign-on-in-spring-boot-applications-with-spring-security-oauth/,Single sign-on in Spring Boot applications,,
https://securityblog.switch.ch/2017/11/14/subdomain-hijacking/#more-3914,Breaking security controls using subdomain hijacking (2017),,
http://bactra.org/weblog/491.html,So You Think You Have a Power Law (2007),,
http://avaloniaui.net/blog/2018-02-18-avalonia-beta1,Avalonia Beta 1 Released! A cross platform XAML UI Framework,,
https://www.washingtonpost.com/news/the-switch/wp/2018/02/19/google-used-artificial-intelligence-to-predict-heart-attacks-with-the-human-eye,"In our eyes, Google’s software sees heart attack risk",,
https://blog.ycombinator.com/welcome-eric-holly-diego-matt-nic-kyle-adele-jose-matt-ramon-and-gia/,A lot of great people joined the YC and YCC teams in the past six months,,
https://github.com/Miej/Dynamic_Neural_Manifold,Dynamic Neural Networks in Tensorflow,,
https://www.economist.com/news/business/21737075-silicon-valley-may-not-hold-its-global-superiority-much-longer-how-does-chinese-tech,How does Chinese tech stack up against American tech?,,
https://silvantroxler.ch/2018/wireless-remote-debugging-with-safari-on-ios/,(Wireless) Remote Debugging with Safari on iOS,,
https://www.polygon.com/2018/2/16/17016744/system-shock-reboot-hiatus-nightdive-interview,System Shock reboot that raised $1.3M on Kickstarter is now on ‘hiatus’,,
https://www.economist.com/news/briefing/21737021-president-joseph-kabila-seventh-year-five-year-term-he-struggling-hold,Congo’s war was bloody. It may be about to start again,,
http://www.cfeps.org/pubs/wp-pdf/WP37-MoslerForstater.pdf,The Natural Rate of Interest Is Zero [pdf],,
https://www.bloomberg.com/news/articles/2018-02-18/-no-cash-signs-everywhere-has-sweden-worried-it-s-gone-too-far,‘No Cash’ Signs Everywhere Has Sweden Worried It's Gone Too Far,,
https://techcrunch.com/2018/02/19/pebble-founder-eric-migicovsky-has-joined-y-combinator-as-a-partner/,Pebble founder Eric Migicovsky has joined Y Combinator as a partner,,
item?id=16414187,LXC: Unified Cgroup Hierarchy Support,,
https://devslash.net/private-isn-t-always-so-private/,Private isn't always so private in Java,,
https://medium.com/@turnernord/payments-of-member-states-will-be-spent-for-self-promotion-of-nato-dd8095e97eb9,Payments of member states will be spent for self-promotion of NATO,,
https://howucan.gr/scripts-tools/2899-amass-subdomain-enumeration-in-go,Amass – Subdomain Enumeration in Go,,
https://medium.com/tootsuite/this-isnt-about-social-media-this-is-about-control-112dea8a21fd,This isn’t about social media. This is about control,,
https://www.nature.com/articles/d41586-018-01835-3?utm_source=twt_nnc&utm_medium=social&utm_campaign=naturenews&sf182487104=1,The quantum internet has arrived (and it hasn’t),,
https://techcrunch.com/2018/02/19/google-tez-utility-bills/,Google’s Tez payments app now lets users handle their utility bills and more,,
https://github.com/tell-k/django-variantmpl,Provide a mechanism for Django that switching template based on request,,
https://live.computer/,Show HN: Live-torrent – a webtorrent fueled live streaming PoC,,
https://techcrunch.com/2018/02/17/facebook-subscription/,How ad-free subscriptions could solve Facebook,,
https://github.com/tell-k/uadetector,Python WSGI Middleware and web framework extensions for handling User-Agent,,
http://planetary.org/blogs/emily-lakdawalla/2018/0219-10-times-sample-collection.html,Ten times the solar system reminded us sample collection is hard,,
item?id=16414107,Ask HN: Any books on building a highly secure web service like a bank?,,
https://exponentialbackoff.substack.com/p/learn-how-to-write-effective-automated-tests,Learn how to write effective automated tests,,
https://coingape.com/venezuela-petro-cryptocurrency-presale/,Hyper-inflated Venezuela is set to launch national cryptocurrency backed by oil,,
https://www.teamten.com/lawrence/writings/why-i-dont-like-go.html,Why I Don't Like Golang (2016),,
http://mlpack.org/docs/mlpack-git/doxygen/optimizertutorial.html,Deep learning optimizer visualization,,
https://www.atlasobscura.com/articles/china-caves-plants-deforestation-refuge,Found: A Plant Bonanza Hidden in China’s Caves,,
https://github.com/kamalmarhubi/shell-workshop,Let's build a shell,,
https://sweetpumpkins.codecamps.com/,Learn React by building an app to help you find the best movie to watch,,
http://thewandertheory.com/ramblings-lost-traveler/,Ramblings of a Lost Traveler,,
https://www.jacobinmag.com/2017/02/capital-strike-regulations-lending-productivity-economy-banks-bailout,When Capitalists Go on Strike,,
https://medium.com/@riccardoodone/selectors-in-redux-are-a-must-d6b0637c79b7,Selectors in Redux are a MUST,,
http://jpetazzo.github.io/2018/02/17/seven-years-at-docker/,Seven years at docker,,
http://www.bbc.com/news/health-43085023,Autism: Scientists take 'first steps' towards biological test,,
https://github.com/thredded/thredded,The best Rails forums engine ever,,
http://nautil.us/blog/how-hidden-social-contexts-influence-your-genetics,The Hidden Social Genetics Affecting Your Friends and Education,,
https://www.ifixit.com/Teardown/HomePod++Teardown/103133,HomePod Teardown,,
https://meaningness.com/nutrition-resigns,Nutrition offers its resignation. And the reply,,
https://theoutline.com/post/3443/devumi-twitter-bots-savviness-gap?zd=1&zi=yydvjaww,The truth about social media and “influence”: it’s a scam we're all in on,,
https://www.technologyreview.com/s/610179/a-biotech-ceo-explains-why-he-injected-himself-with-a-diy-herpes-treatment-live-on-stage/?utm_source=twitter.com&utm_medium=social&utm_content=2018-02-19&utm_campaign=Technology+Review,A biotech CEO explains why he injected himself with a DIY herpes treatment,,
https://hackernoon.com/strategical-view-part-1-9a1da295a3c1,Fundamental concepts of React/Redux app. Part 1,,
http://www.bbc.com/news/world-asia-43057574,Chinese woman joins handbag in X-ray machine,,
https://medium.com/@filiph/player-agency-in-an-open-world-versus-combinatorial-explosion-5a6bcd7d0d38,"Player agency in an open world, versus combinatorial explosion",,
http://mrale.ph/blog/2018/02/03/maybe-you-dont-need-rust-to-speed-up-your-js.html,Maybe you don't need Rust and WASM to speed up your JS,,
https://www.kdnuggets.com/2018/02/logistic-regression-concise-technical-overview.html?utm_content=bufferc36b9&utm_medium=social&utm_source=twitter.com&utm_campaign=buffer,Logistic Regression: A Concise Technical Overview,,
http://rocky.github.io/pycon2018.co/#/,More precise tracebacks via decompilation,,
item?id=16413867,Ask HN: Is There a Better Architecture of Lambda in Big DATA?,,
https://lifehacker.com/5778831/dropping-the-drip-how-to-get-started-with-better-coffee-making,Dropping the Drip: How to Get Started Making Better Coffee (2011),,
http://web.archive.org/web/20160327152300/http://www.cpt.coe.int/en/documents/doc-visit-by-cpt.pdf,A Visit by the CPT – What's it all about? (1999) [pdf],,
https://arxiv.org/abs/1802.06038,"Finding the Greedy, Prodigal, and Suicidal Contracts at Scale",,
https://hackaday.com/2018/02/19/predicting-starmans-return-to-earth/,Predicting Starman’s Return to Earth,,
https://haydenjames.io/analyze-websites-ttfb-time-first-byte/,Check web site/app TTFB,,
https://scotland.openrightsgroup.org/blog/2018/02/09/e-votings-unsolvable-problem/?utm_content=buffer1f90a&utm_medium=social&utm_source=twitter.com&utm_campaign=buffer,Open Rights Group Scotland – E-voting's Unsolvable Problem,,
https://arstechnica.com/science/2018/02/residential-solar-is-cheap-but-can-it-get-cheaper-paths-to-0-05-per-kwh/,"Residential solar is cheap, but can it get cheaper? Paths to $0.05 per kWh",,
https://www.nextplatform.com/2018/02/19/machine-learning-memristor-boost/,Machine Learning with a Memristor Boost (2015),,
https://www.technologyreview.com/the-download/610264/a-siri-script-writer-says-composing-lines-for-ai-is-like-writing-an-absurdist,Siri Scriptwriter Says Creating Lines for AI Is Like Writing an “Absurdist Play”,,
https://github.com/stephanbruny/corescript,A scripting language for .net core (what do you think about it?),,
https://medium.com/@mohandere/integrating-create-react-app-redux-react-router-redux-observable-bootstrap-altogether-216db97e89a3,"Integrating Create-React-app, Redux, React Router, Redux Observable and Bootstrap",,
http://www.abc.net.au/news/2017-03-11/old-maps-australia-art-cartography/8314730,But where is the green sheep? Old maps put the art in cartography (2017),,
http://blog.robomongo.org/robo-3t-1-2/,Robo 3T 1.2 released (formerly Robomongo) - open-source MongoDB GUI,,
https://instantdomainsearch.com/articles/streaming_json_jsons/,Use streaming JSON to reduce latency on mobile,,
https://news.uci.edu/2018/02/12/teens-post-online-content-to-appear-interesting-popular-and-attractive-uci-study-finds/,"Teens Post Online Content to Appear Interesting, Popular and Attractive (UCI)",,
http://www.bbc.co.uk/news/technology-42839463,Plans drawn up for world's tallest wooden skyscraper,,
http://www.mattzeunert.com/2018/02/19/when-to-write-tests.html,When to write tests,,
https://www.theverge.com/2018/2/19/17027700/elon-musk-boring-company-washington-dc-tunnel-digging,"Elon Musk’s Boring Company gets green light to start digging in Washington, DC",,
https://hackernoon.com/how-to-build-an-audio-processor-in-your-browser-302cb7aa502a,How to Build an Audio Processor in Your Browser (with Node.js),,
https://www.theatlantic.com/politics/archive/2018/02/what-good-can-come-of-callout-culture/553661/?single_page=true,The Excesses of Call-Out Culture,,
https://insinuator.net/2018/02/tls-in-the-enterprise-is-heartbleed-still-a-problem/,TLS in the Enterprise: Is Heartbleed Still a Problem?,,
https://github.com/code-orange/telemachy,Show HN: Telemachy has been updated to Angular Package Format for Angular 5,,
https://www.theatlantic.com/international/archive/2018/02/ban-the-olympics/553250/?single_page=true,Ban the Olympics,,
https://www.imaginarycloud.com/blog/book-pre-sale-website/,How to build a pre-order website,,
http://www.mooreds.com/wordpress/archives/2765,When do you earn your pay?,,
https://medium.com/conquest/conquest-building-indias-first-student-run-startup-launchpad-20f07a5e1378,Conquest: Building India’s First Student-Run Startup Launchpad,,
https://towardsdatascience.com/building-a-deep-neural-net-in-google-sheets-49cdaf466da0,Building a Deep Neural Net in Google Sheets,,
http://www.thedrum.com/opinion/2018/02/19/facebook-appears-russia-s-biggest-useful-idiot-vladimir-putin-s-bold-war,Facebook appears Russia’s biggest useful idiot in Vladimir Putin’s bold war,,
https://liliputing.com/2018/02/intel-unveils-discrete-gpu-prototype.html,Intel unveils discrete GPU prototype,,
https://www.washingtonpost.com/news/true-crime/wp/2018/02/15/eric-lundgren-e-waste-recycling-innovator-faces-prison-for-trying-to-extend-lifespan-of-pcs/,E-Waste recycling innovator faces prison for trying to extend life span of PCs,,
http://scottaaronson.com/blog/?p=459,P vs. NP for Dummies,,
https://www.youtube.com/watch?v=1M8VL4b-Q7k,"Compliance, Regulations and Traceability: How Lean, Agile and SAFe Principles Fit",,
https://crate.io/look-youre-monitoring-distributed-java-application/,What to Look at When You’re Monitoring a Distributed Java Application,,
https://blog.realkinetic.com/elm-changed-my-mind-about-unpopular-languages-190a23f4a834,Elm changed my mind about unpopular languages,,
https://git-merge.com/,Git Merge 2018,,
https://www.theverge.com/2018/2/19/17027138/google-microsoft-edge-security-flaw-disclosure,Google discloses Microsoft Edge security flaw before a patch is ready,,
http://www.telegraph.co.uk/travel/lists/bizarre-micronations/,Inside Liberland,,
http://getbeepbeep.com,Show HN: Android app that allows you send updates about your position using SMS,,
https://moveax.me/crackme0x08/,Crackme0x08 Dissected with Radare2,,
https://www.iafrikan.com/2018/02/19/design-thinking-can-make-kids-see-science-and-themselves-differently/,Design thinking for kids,,
http://www.keras4kindergartners.com,Keras for kindergarteners,,
https://blog.gruntwork.io/how-we-built-a-distributed-self-funded-family-friendly-profitable-startup-93635feb5ace,"How we built a distributed, self-funded, family-friendly, profitable startup",,
https://github.com/gabfl/vault#1.8.4,Pyvault (Python password manager) 1.8.4 has been released,,
https://www.npmjs.com/package/@ibowankenobi/taskq,Can you pause/resume browser while executing script tags/dynamic imports? Yep,,
item?id=16413604,Ask HN: What programming laptop should I get for my kid?,,
http://cs.mcgill.ca/~mxia3/2018/02/18/Five-different-Rails-development-environment-on-Windows-10-and-their-pros-and-cons/,5 different Rails dev environment on Windows 10 with their pros and cons,,
https://status.python.org/incidents/mgjw1g5yjy5j,Spam on PyPI,,
http://www.whatamipretending.today,Extension replaces in Facebook the predefined question ‘What’s on your mind?’,,
https://github.com/Submanifold/latex-mimosis,Latex-mimosis: A minimal and modern template for your thesis,,
https://banzaicloud.com/blog/openfaas/,"Serverless Frameworks on Kubernetes? We Deploy OpenFaaS, Kubeless – Suggestions?",,
https://www.bleepingcomputer.com/news/security/hacker-group-makes-3-million-by-installing-monero-miners-on-jenkins-servers/,Hacker Group Makes $3M by Installing Monero Miners on Jenkins Servers,,
http://www.bbc.com/news/business-43110910,Chicken chaos as KFC closes 750 outlets,,
https://www.theverge.com/2018/2/19/17027562/microsoft-windows-phone-push-notifications,Windows Phone 7 and 8 devices will no longer receive push notifications,,
http://sugarscience.ucsf.edu/hidden-in-plain-sight/,Sugar Hiding in Plain Sight,,
https://blogs.vmware.com/opensource/2018/02/19/vmware-welcomes-alex-ellis/,VMware Welcomes Alex Ellis (OpenFaaS),,
https://www.theguardian.com/business/2018/feb/19/people-dont-carry-cash-uk-firms-adapting,'People just don't carry cash nowadays':how Brits are adapting to cashless world,,
https://motherboard.vice.com/en_us/article/3k7a5k/hacker-wipes-spyware-retina-x-flexispy,A Hacker Has Wiped a Spyware Company’s Servers,,
item?id=16413503,"1,2,3,4 shall we declare Information War? (#RememberLitvinenko)",,
https://github.com/znuh/frivpn,Frivpn: multithreaded OpenVPN client,,
https://www.atlasobscura.com/articles/a-brief-history-of-the-cheese-curl-junk-foods-happiest-accident,"A Brief History of the Cheese Curl, Junk Food’s Happiest Accident",,
https://www.fs.blog/2018/02/first-thought-not-best-thought/,Your First Thought Is Rarely Your Best Thought: Lessons on Thinking,,
https://theoverspill.blog/2018/02/19/ipad-work-python-workflow-mac-replacement/,Life on an iPad,,
https://arstechnica.com/science/2018/02/oxygen-ions-may-be-an-easy-to-track-sign-of-life-on-exoplanets/,Oxygen ions may be an easy-to-track sign of life on exoplanets,,
https://www.theverge.com/2018/2/19/17027446/uk-government-churches-wifi-internet-connectivity-rural,UK government to use church spires to improve rural internet connectivity,,
https://www.theverge.com/circuitbreaker/2018/2/19/17027090/samsung-flying-drone-facial-eye-detection-patent,Samsung Patents a Flying Display That’s Controlled by Your Eyes,,
https://www.nytimes.com/2016/09/04/opinion/sunday/how-to-tell-a-mother-her-child-is-dead.html?_r=1,How to Tell a Mother Her Child Is Dead (2016),,
https://edition.cnn.com/2018/02/18/asia/south-korea-failed-assassination-squad-unit-684-intl/index.html,How a plot to kill Kim Il Sung ended in mutiny and murder,,
https://soundcloud.com/mgredge/peek-into-the-future-5-new-technologies-that-will-change-the-game,PODCAST: Peek into the Future: 5 New Game Changing Technologies,,
https://medium.com/b2w-engineering/restql-tackling-microservice-query-complexity-27def5d09b40,Tackling microservice query complexity,,
https://www.ft.com/content/df695f10-154d-11e8-9376-4a6390addb44,The march of the technocrats: Lessons from the 'revolt of the Engineers',,
https://moderncto.io/the-virgin-cto/,The Virgin CTO,,
http://www.bbc.com/news/technology-42904204,Probe After ‘Drone Made Helicopter Crash’,,
https://www.popularmechanics.com/space/satellites/a16867551/machines-built-in-space/,Humanity's Biggest Machines Will Be Built in Space,,
http://www.startupcommons.org/startup-development-phases.html,Startup Development Phases,,
https://medium.com/@xevix/what-to-do-when-tech-jobs-go-bad-93e631a1bdc9,What to do when tech jobs go bad,,
https://jods.mitpress.mit.edu/pub/issue3-case,How to Become a Centaur – Intelligence Augmentation,,
https://mobile.nytimes.com/2018/02/16/opinion/sunday/tyranny-convenience.html,The Tyranny of Convenience,,
https://www.opscaptain.com/,Show HN: Deploy your apps on your servers using Heroku buildpacks,,
https://tox.chat/clients.html,Ask HN: Why aren't more people using Tox?,,
http://www.bbc.com/news/science-environment-43113900,'Loneliest tree' records human epoch,,
http://failory.com/mistakes/beardbrand,"Bootstrapped E-Commerce Making $100,000/Month",,
item?id=16413310,Finally a Nomad,,
https://flaviocopes.com/sample-app-ideas/,A List of Sample Web App Ideas,,
https://github.com/z7zmey/php-parser,Php-parser written in go release 0.2.0 is now available,,
http://www.cracked.com/article_25132_5-insanely-important-jobs-were-running-out-people-for.html,5 Insanely Important Jobs (We're Running Out of People For),,
https://www.colorado.edu/today/2018/02/09/new-malleable-electronic-skin-self-healable-recyclable,"New malleable 'electronic skin' self-healable, recyclable",,
https://www.politico.com/states/florida/story/2018/02/05/rubio-florida-schools-should-end-chinese-funded-education-partnerships-235062,Rubio: Florida schools should end Chinese-funded education partnerships,,
https://medium.com/@brian.cain/raise-the-bar-for-cryptocurrency-exchanges-eae7aaa05912,Raise the bar for Cryptocurrency Exchanges,,
http://www.zdnet.com/article/chilling-effect-lawsuits-threaten-security-research-need-it-most/,Lawsuits threaten infosec research – just when we need it most,,
https://blog.projectpiglet.com/2018/02/chart-design-on-mobile/,Chart Design on Mobile,,
https://www.bitfinex.com/posts/240,Earn Your Stake in Ethfinex with the Nectar Token,,
https://www.youtube.com/watch?v=OCLaeBAkFAY,"Faceswapping, unethical videos, and future shock",,
https://juffalow.com/javascript/please-do-not-install-every-shit,"Please, do not install every shit",,
https://games.tandc.design/projects/full-colour-tiles/,Fiendishly simple puzzle game – Full Colour Tiles,,
https://www.nytimes.com/2018/02/18/technology/virtual-currency-extortion.html?rref=collection/sectioncollection/technology,Bitcoin Thieves Threaten Real Violence for Virtual Currencies,,
https://www.sciencealert.com/ancient-roman-gate-to-hell-plutonium-sacrifice-killed-carbon-dioxide,Ancient Roman “Gate to Hell” Killed Victims with This Deadly Lake,,
https://medium.com/@chrisowen/teaching-is-the-hardest-thing-ive-ever-done-and-i-ve-written-assembly-language-8f15aba9f1f2,Teaching is the hardest thing I’ve ever done and I’ve written Assembly Language,,
https://hothardware.com/news/this-microsoft-leak-reveals-windows-10-on-arm-limitations-for-snapdragon-835-ultraportables,Limitations of Windows 10 Experience on ARM Devices – HotHardware,,
https://github.com/shahroznawaz/chat-app-php,"Show HN: Real Time Chat Application Created in PHP, AJAX and Pusher",,
https://arxiv.org/abs/1802.04289,Deep Neural Networks for Bot Detection,,
https://www.theguardian.com/science/2018/feb/17/artwork-hidden-under-picasso-painting-revealed-by-x-ray,Artwork hidden under Picasso painting revealed by x-ray,,
http://digitalwaveriding.com/the-net-promoter-score-nps-better-than-nothing-isnt-it/,"The Net Promoter Score (NPS) – Better Than Nothing, Isn’t It?",,
http://uk.businessinsider.com/self-storage-startup-trove-launches-to-move-your-stuff-for-you-2017-5,An early Uber employee is now launching an 'Uber for storage',,
https://www.wired.com/story/internal-combustion-engine-technology-argonne/,"As electric cars surge, gas engines just keep getting better",,
https://bleisure-travel.net/Surveillance-and-cyber-security-entrepreneur-murdered-in-Uganda,Surveillance and cyber security entrepreneur murdered in Uganda,,
https://github.com/mbasso/asm-dom-boilerplate,Asm-dom-boilerplate: WebAssembly C++ apps without configuration,,
http://blog.apcelent.com/deploy-flask-aws-lambda.html,How to Deploy a Flask Application on AWS Lambda,,
http://www.bbc.com/news/technology-43053783,Salon magazine mines crypto-cash with readers' PCs,,
https://translate.google.com/translate?sl=pl&tl=en&js=y&prev=_t&hl=pl&ie=UTF-8&u=https%3A%2F%2Fwww.cashless.pl%2Fwiadomosci%2Faplikacje%2F3847-uber-przenosi-swoje-biuro-z-warszawy-do-kijowa-w-polsce-ma-zostac-tylko-zespol-ubereats&edit-text=&act=url,Uber closes it's Warsaw office and moves employees to Kiev (Ukraine),,
https://www.theguardian.com/science/2018/feb/17/breakthrough-as-scientists-grow-sheep-embryos-containing-human-cells,Breakthrough as scientists grow sheep embryos containing human cells,,
https://blog.danman.eu/2-usb-crypto-token-for-use-with-gpg-and-ssh/,$2 USB crypto token for use with GPG and SSH – danman's blog,,
https://www.infoq.com/news/2018/02/config-beta,SaaS Platform for Managing Configurations Enters Private Beta,,
https://levelup.gitconnected.com/top-articles-of-the-week-react-react-router-redux-react-native-vuejs-graphql-hyperapp-and-4ef9599ffe27,"Top Articles of the Week – React, React Router, Redux, VueJS, GraphQL, Hyperapp",,
https://levelup.gitconnected.com/friends-dont-let-friends-write-react-boilerplate-9d7cc4ee1d35,Friends Don't Let Friends Write React Boilerplate,,
https://github.com/cncf/wg-serverless/tree/master/whitepaper,CNCF Serverless Whitepaper v1.0,,
https://github.com/HarmoWatch/ngx-redux-core,A modern redux integration for Angular 2+,,
https://www.virgin.com/richard-branson/virgin-hyperloop-one-comes-india,Hyperloop One comes to India. Travel time will go down from 3.5hrs to 25mins.,,
https://eregon.me/blog/2018/02/19/truffleruby-native-fast-short-scripts.html,TruffleRuby Native: Fast Even for Short Scripts,,
https://medium.com/@emilianodc/how-3d-printing-changed-hardware-development-dbf31204ef6e,How 3D Printing changed hardware development,,
https://thezen.zone/,A minimalistic meditation area,,
item?id=16412961,"Hi,I'm a 19 year-old starting a new music streaming service, would love feedback",,
https://en.wikipedia.org/wiki/Maslach_Burnout_Inventory,Maslach Burnout Inventory,,
https://hackernoon.com/deepminds-alphazero-engineering-use-cases-170734a98d25?source,DeepMind’s AlphaZero Engineering Use Cases,,
https://blogs.scientificamerican.com/voices/a-different-take-on-sexism-in-science/,A Different Take on Sexism in Science,,
https://testdriven.io/building-a-concurrent-web-scraper-with-python-and-selenium#.Worazk4oRjk.hackernews,Building a Concurrent Web Scraper with Python and Selenium,,
https://www.nytimes.com/2018/02/19/science/nasa-dark-energy-wfirst.html?rref=collection%2Fsectioncollection%2Fscience,Astronomers’ Dark Energy Hopes Fade to Gray,,
https://www.antonsten.com/abetteruserexperience/,A better user experience or?,,
https://ops.tips/blog/a-pratical-look-at-basic-aws-networking/,A practical look at basic AWS Networking with Terraform,,
https://github.com/Bogdanp/anom-py,Show HN: An alternative to ndb for Python 3,,
https://gravitational.com/blog/ssh-key-management/,On SSH Key Management,,
https://gravitational.com/blog/letsencrypt-teleport-ssh/,How to Use Let's Encrypt with an SSH Bastion,,
https://www.nytimes.com/2018/02/18/technology/virtual-currency-extortion.html#,Bitcoin Thieves Threaten Real Violence for Virtual Currencies,,
https://docs.google.com/spreadsheets/d/14ftdM5AvialCRr6O_Z9w6A3NI_XNSVJ2AZj3wLxSh0E/edit?usp=sharing,Ask HN: Do you need a co-founder? (Co-Founders Wish List 2018 - GDoc),,
https://medium.com/p/app-feedback-wasnt-built-in-a-day-but-it-was-built-to-last-ef85ee279b0d,Patented App Feedback for Mobile Apps,,
https://blog.clubhouse.io/re-envisioning-search-119401ad6ee7,Re-envisioning Search,,
http://www.bbc.com/travel/gallery/20180218-lake-abraham-an-ethereal-landscape-of-frozen-bubbles,A frozen lake with an explosive secret,,
https://medium.com/p/building-a-full-stack-visual-debugger-the-team-story-902aa42c6f36,Full-stack visual debugger for mobile apps,,
http://buklijas.info/blog/2018/02/15/should-you-learn-c-in-2018/,Should you learn C/C++ in 2018?,,
https://medium.com/@boxed/moving-a-large-and-old-codebase-to-python3-33a5a13f8c99,Moving a large and old codebase to Python3,,
https://www.nytimes.com/reuters/2018/02/19/business/19reuters-city-union-bank-swift.html,India Bank Hack 'Similar' to $81M Bangladesh Central Bank Heist,,
https://www.youtube.com/watch?v=75hUi_IRq_U,LXLE 16.04.3 Eclectica– See What’s New,,
http://greyenlightenment.com/optimism-or-stagnation-a-case-for-both/,Optimism or stagnation? A case for both,,
https://xkcd.com/1957/,xkcd's 2018 CVE List,,
https://www.bloomberg.com/news/articles/2018-02-19/coinbase-runs-from-one-fire-to-the-next,Coinbase Runs from One Fire to the Next,,
https://www.bloomberg.com/news/articles/2018-02-19/now-bots-are-trying-to-help-populists-win-italy-s-election,Now Bots Are Trying to Help Populists Win Italy's Election,,
https://codewithoutrules.com/saneworkweek/,The Programmer's Guide to a Sane Workweek,,
https://www.slashgear.com/windows-10-on-arm-is-being-groomed-to-fail-19519940/,Windows 10 on ARM is being groomed to fail,,
https://www.wsj.com/articles/private-trades-in-spotify-shares-to-play-key-role-in-upcoming-debut-1519041600,Private Trades in Spotify Shares to Play Key Role in Upcoming Debut,,
https://www.scientificamerican.com/article/mars-rock-hitches-ride-on-nasas-next-rover/,Mars Rock Hitches Ride on NASA's Next Rover,,
https://www.acsh.org/news/2018/02/14/dear-cdc-what-will-you-screw-next-meth-back-12574,Dear CDC: What Will You Screw Up Next? Meth Is Back,,
https://shkspr.mobi/blog/2018/02/a-curious-way-to-break-twitters-search-results/,A curious way to break Twitter's search results,,
https://damtson.wordpress.com/2017/08/12/igor-tamm-and-the-taylor-expansion/,Igor Tamm and the Taylor expansion,,
item?id=16412759,Toughest coding question that you faced in an interview,,
https://www.atlasobscura.com/articles/expensive-chocolate-ecuador-toak,How to Sell a $300 Chocolate Bar,,
item?id=16412753,Ask HN: How do you cope with the existential dread,,
https://eu.scaladays.org/,Scala Days – Berlin,,
http://jsmegatools.com/2018/02/19/setting-up-a-react-and-node-js-project/,Setting up a React and Node.js project,,
https://evertpot.com/google-carddav-issues/,Google's CardDAV server isn't standards compliant (2014),,
https://proton-native.js.org/#/,Proton Native – React Native for the Desktop,,
http://www.iamondemand.com/blog/went-containers-fails-along-way/,Why I Went All-In with Containers…and the Fails Along the Way,,
https://www.xltrail.com/git-xltrail,Xltrail – An open-source Git command line extension for Excel workbook files,,
https://insidegovuk.blog.gov.uk/2018/02/19/classifying-and-measuring-tech-debt-in-gov-uk/,Classifying and measuring tech debt in GOV.UK,,
https://spin.atomicobject.com/2018/02/19/reactive-extensions-reactiveui/#.WorQZ5b96Vw.hackernews,"Reactive Extensions, ReactiveUI, and Whistling Tea Kettles",,
item?id=16412699,Which tech stock would you invest 10k in?,,
http://flip.it/PaVmhB,India inches ahead in the race to build a Hyperloop,,
https://www.youtube.com/watch?v=5MvpxvN9vLU,Gitlab: A crash course on remote usability testing [15 min talk + questions],,
https://nakedsecurity.sophos.com/2018/02/19/hackers-sentenced-for-sql-injections-that-cost-300-million/,Hackers sentenced for SQL injections that cost $300M,,
https://insights.ourcrowd.com/unpacking-the-launch-of-credifx-by-credifi-e8e15f018189,Unpacking the launch of CredifX,,
https://www.sitebuilderreport.com/blog/ghost-restaurants,"Ghost Restaurants: No Servers, No Storefront and No Seating",,
https://techcrunch.com/2018/02/19/facebooks-tracking-of-non-users-ruled-illegal-again/,Facebook’s tracking of non-users ruled illegal again,,
http://www.whereisroadster.com/index.html,Where Is Elon Musk's Tesla Roadster with Starman?,,
https://lwn.net/Articles/745942/,A cyborg's journey,,
https://www.nasa.gov/sites/default/files/atoms/files/nasa_csli_cubesat_101_508.pdf,Cubesat 101 [pdf],,
https://github.com/FLIF-hub/node-flif,Node-FLIF Version 1.0.0 is released – FLIF image compression using Node.js/npm,,
https://medium.com/@richardeng/let-that-be-your-last-battlefield-f363f2e40c12,Let That Be Your Last Battlefield,,
https://github.com/jarun/imgp/releases/tag/v2.5,Imgp multi-core batch image resizer and rotator v2.5 released,,
http://quillette.com/2018/02/19/diversity-managerial-ideology/,Diversity: A Managerial Ideology,,
https://hackernoon.com/a-common-misconception-about-async-await-in-javascript-33de224bd5f?source,A common misconception about async/await in JavaScript,,
https://www.technologyreview.com/s/609610/the-us-leads-in-artificial-intelligence-but-for-how-long/,"The U.S. Leads in Artificial Intelligence, but for How Long?",,
item?id=16412571,Ask HN: An idea for a video compression algorithm,,
https://www.asimov.io/blog/2017/12/19/the-circuitry-in-our-cells,The Circuitry in Our Cells,,
https://smalldata.tech/blog/2017/08/21/writing-an-application-in-react-redux,Writing an application in React using Redux for state management,,
https://cactussoft.biz/blog/2018/02/19/how-to-refine-android-app-development-using-psychological-concepts/,How to Refine Android App Development Using Psychological Concepts,,
https://blog.nviso.be/2018/02/15/going-beyond-wireshark-experiments-in-visualising-network-traffic/,Going beyond Wireshark: experiments in visualising network traffic,,
https://oss.oracle.com/git/gitweb.cgi?p=linux-uek.git;a=commitdiff;h=e1744f50ee9bc1978d41db7cc93bcf30687853e6,Oracle open-sources DTrace under the GPL,,
https://dev.to/grahamcox82/steps-to-starting-a-new-project--3p9,Steps to starting a new project,,
https://medium.com/@lukegorman97/flightsimlabs-alleged-malware-analysis-1427c4d23368,FlightSimLabs Alleged Malware Analysis,,
https://medium.com/hand-brain/rod-mclaren-d9ffe6bfb83c,Spreadsheets are dreams,,
https://github.com/asciimoo/warning.js,Warning.js: the opposite of noscript warnings,,
https://blog.risingstack.com/why-developers-love-node-js-2018-survey/,Why Developers Love Node.js and what's their main issue with it?,,
https://github.com/JoinColony/colonyNetwork,Colony open-sources the colonyNetwork code,,
https://github.com/bfirsh/jsnes/blob/master/README.md,JSNES: A JavaScript NES emulator,,
https://www.nytimes.com/2018/02/19/science/nasa-dark-energy-wfirst.html?rref=collection%2Fsectioncollection%2Fscience&action=click&contentCollection=science&region=stream&module=stream_unit&version=latest&contentPlacement=1&pgtype=sectionfront,Astronomers’ Dark Energy Hopes Fade to Gray,,
https://heartbeat.fritz.ai/building-not-hotdog-with-turi-create-and-core-ml-in-an-afternoon-a87fd1967d10,Building Not Hotdog with Turi Create and Core ML – in an Afternoon,,
http://nautil.us/blog/-loneliness-is-a-warning-sign-to-be-social,Loneliness Is a Warning Sign to Be Social,,
https://hackernoon.com/a-common-misconception-about-async-await-in-javascript-33de224bd5f,A common misconception about async/await in JavaScript,,
https://www.cnbc.com/2018/02/19/venezuela-petro-cryptocurrency-pre-sale-starts-february-20.html,"Venezuela about to pre-sell ‘petro’ cryptocurrency, other countries could follow",,
https://phys.org/news/2018-02-stock-quantum-harmonic-oscillator.html,Stock market forces can be modeled with a quantum harmonic oscillator,,
item?id=16412461,Ask HN: Do You Prefer Google Groups or Discourse/Reddit?,,
https://hackernoon.com/lessons-learned-implementing-redux-on-android-cba1bed40c41,Lessons Learned Implementing Redux on Android,,
https://www.cnbc.com/2018/02/19/guitar-company-gibson-reportedly-facing-bankruptcy.html,Guitar company Gibson reportedly facing bankruptcy,,
item?id=16412458,Ask HN: Ok. I have the MVP. I have a small feedback. What is next?,,
https://e27.co/exclusive-singapores-blockchain-startup-copernicus-gold-raises-us3-5m-russian-investor-20180214/,Singapore's blockchain startup Copernicus Gold raises US$3.5M,,
https://www.technologyreview.com/s/610278/why-even-a-moths-brain-is-smarter-than-an-ai/,Why even a moth’s brain is smarter than an AI,,
http://www.laresblog.com/2009/04/why-not-to-pick-padlocks-on-flight.html,Why Not to pick padlocks on a Flight (2009),,
https://www.wired.com/story/smart-city-ski-resorts,What Wannabe Smart Cities Can Learn from Ski Resorts,,
https://startupeuropenews.eu/uber-introducing-exact-upfront-fares-in-romania/,Uber introducing exact upfront fares in Romania,,
item?id=16412433,Ask HN: A company-wide team challenge step count?,,
https://opkode.com/blog/xmpp-chat-badge/,A badge for linking to your XMPP chat,,
item?id=16412428,Ask HN: How much should I charge for my ebook?,,
https://medium.com/@tejnikumbh/learn-by-doing-solidity-89dfe375097c,Project based learning – Solidity and Ethereum,,
https://kolosek.com/rails-capybara-setup/,"Capybara: Configuring, testing and using it with RSpec",,
https://rsbakker.wordpress.com/2018/02/11/optimally-engaged-experience/,Optimally Engaged Experience,,
https://www.makeartwithpython.com/blog/deep-learning-bird-camera/,Show HN: Building a Deep Learning Bird Camera,,
https://blog.shanky.xyz/what-pelican-quickstart-actually-do-and-how-it-does-that.html,What Pelican quickstart actually do and how it does that?,,
https://medium.com/@julia.geist/binary-search-algorithm-7170ae244438,Binary Search explained with security camera footage,,
http://rz.scale-it.pl/2018/02/17/hollywood_crypto_specialists.html#.Woq_EBEuVGk.hackernews,Hollywood style crypto-specialists,,
http://www.wired.co.uk/article/supercell-stats-ilkka-paananen-net-work-success-business?utm_content=buffer1979d&utm_medium=social&utm_source=twitter.com&utm_campaign=buffer,How Clash of Clans helped Supercell build a $10bn empire UK,,
https://www.technologyreview.com/the-download/610279/if-we-want-ai-to-explain-itself-heres-how-it-should-tell-us/?utm_source=twitter.com&utm_medium=social&utm_content=2018-02-18&utm_campaign=Technology+Review,"If we want AI to explain itself, here’s how it should tell us",,
https://www.theatlantic.com/politics/archive/2018/02/fbi-black-bookstores/553598/?utm_source=feed&amp;single_page=true,The FBI's War on Black Bookstores,,
https://drive.google.com/open?id=1Nm_3L8RDTn-KRH-n1MBq_S8e7AxCtEEhMkcMiaVkIyg,Founded in 2017 – List of 10000+ startups Founded in 2017,,
item?id=16412343,Ask HN: How do you manage “knowledge”,,
https://mobile.nytimes.com/2018/02/12/business/computer-science-ethics-courses.html,"Tech’s Ethical ‘Dark Side’: Harvard, Stanford and Others Want to Address It",,
https://wolfstreet.com/2018/02/18/blockchain-stocks-completely-disintegrate/,“Blockchain” Stocks Completely Disintegrate,,
item?id=16412312,Ask HN: How to secure a crypto exchange?,,
item?id=16412308,Ask HN: Why are there no popular web frameworks merging front- and backend?,,
http://blog.nathansplace.co.uk/2018/ueberauth-and-guardian,Ueberauth and guardian setup for a Phoenix rest API,,
https://papers.ssrn.com/sol3/papers.cfm?abstract_id=2972979,Manipulation in the VIX? (2017),,
https://blog.steve.fi/how_we_care_for_our_child.html,"Caring for our toddler, Finnish-style",,
item?id=16412264,Ask HN: What features do you wish HN should have?,,
https://people.gnome.org/~federico/blog/rust-things-i-miss-in-c.html,Rust things I miss in C,,
https://nothingless.github.io/,I'm starting a startup: An apartment with a view finder,,
https://www.venturi-group.com/blog/streamline-hiring-process-attract-top-talent/,Why take home coding assignments should be abandoned,,
https://meanderful.blogspot.com/2018/02/the-market-factory-things-that-make-you.html,"The market factory – things that make you go, hmmm",,
item?id=16412230,Ask HN: Experiences with Gumroad for selling software?,,
http://pydev.blogspot.com/2018/02/python-with-pydev-on-visual-studio-code.html,Python with PyDev on Visual Studio Code,,
https://gdstechnology.blog.gov.uk/2018/02/19/how-to-open-up-closed-code/,How to open up closed code,,
https://akomljen.com/set-up-jenkins-ci-cd-pipeline-with-kubernetes/,Set Up a Jenkins CI/CD Pipeline with Kubernetes,,
https://twitter.com/jpetazzo/status/965293251350609920,"After seven years at Docker (...), I've quit to take a sabbatical",,
https://www.theverge.com/2018/2/19/17027026/microsoft-windows-10-on-arm-apps-games-limitations-support,Microsoft accidentally reveals Windows 10 on ARM limitations,,
https://medium.com/@DFilipeS/how-i-rented-a-nice-place-to-live-using-elixir-and-a-facebook-messenger-chat-bot-836f79498c5c,How I rented a nice place to live using Elixir and a Facebook Messenger chat bot,,
https://www.kotaku.com.au/2018/02/one-way-japanese-drivers-are-polite/,One Way Japanese Drivers Are Polite,,
item?id=16412169,A Valid domain name without TLD on internet,,
https://medium.com/@batkin/making-an-infinity-symbol-with-svg-6ec50cc8074d,Making an infinity symbol with SVG (no graphics editor),,
https://www.nytimes.com/2018/02/18/world/europe/russia-troll-factory.html,Inside the Russian Troll Factory: Zombies and a Breakneck Pace,,
https://stdlog.net/logs/show/how-to-use-list-comprehensions-in-python-beeeea,How to Use List Comprehensions in Python,,
https://code.facebook.com/posts/166966743929963/how-production-engineers-support-global-events-on-facebook/,[Live Streaming at FB] How production engineers support global events,,
https://www.cnbc.com/2018/02/18/us-japan-india-australia-mull-alternative-to-chinas-belt-and-road.html,"US, Japan, India, Australia Mull Alternative to China's Belt and Road",,
https://sublevel.net/re/26838/,Edit mode on Sublevel,,
https://mic.com/articles/186438/neo-nazi-wealth-is-rapidly-growing-why-bitcoin#.7OWJXsJX7,Neo-Nazi wealth is rapidly growing. Why? Bitcoin,,
https://blog.cloudflare.com/keeping-our-users-safe/,Keeping our users safe,,
http://www.data-manual.com/,The Data Science Design Manual,,
https://www.stuttaford.me/2018/02/18/a-clojure-learning-journey/,A Clojure learning journey,,
https://www.venturi-group.com/blog/self-aware-leaders-achieve/,Why self-aware leaders achieve more,,
https://github.com/uyouthe/tears,"This webserver won't mess up with your client-side router, ideal for SPA",,
https://www.newyorker.com/tech/elements/the-strange-and-gruesome-story-of-the-greenland-shark-the-longest-living-vertebrate-on-earth?mbid=social_facebook_aud_dev_kw_paid-the-strange-and-gruesome-story-of-the-greenland-shark-the-longest-living-vertebrate-on-earth&kwp_0=693987,"Greenland Shark, the Longest-Living Vertebrate on Earth",,
https://www.netguru.co/codestories/a-quick-tour-around-android-platforms-2-android-wear?utm_campaign=Codestories&utm_source=hackernews&utm_medium=social,A Quick Tour Around Android Platforms #2: Android Wear,,
https://www.zorbash.com/post/effective-meetings/,Effective Meetings,,
https://medium.com/@mhausenblas/serverless-whos-on-call-now-81193fbfe9d7,Serverless: who’s on call now?,,
item?id=16412009,What does your Side project do in a short sentence?,,
https://github.com/mariusbancila/stduuid/blob/master/P0959.md,A Proposal for a Universally Unique Identifier Library,,
https://github.com/store2be/pape-rs,A Latex template to PDF generation web service written in Rust,,
https://tamonroe.com/how-do-blockchain-smart-contracts-work/,How Do Blockchain Smart Contracts Work?,,
http://www.cs.bris.ac.uk/Research/CryptographySecurity/knowledge.html,52 Things People Should Know to Do Cryptography,,
https://github.com/guptarohit/smspy,"Python wrapper for way2sms.com, send 100 Free sms daily",,
https://anthonyblackshaw.me/2018-02-17/speeding-up-url-for-for-flask,Speeding up url_for for Flask,,
https://web.archive.org/web/20180217213023/https://docs.microsoft.com/en-us/windows/uwp/porting/apps-on-arm-limitations,Microsoft – Limitations of apps and experiences on ARM,,
item?id=16411916,Ask HN: I'm interested in blockchain but put off by the hype. What should I do?,,
https://www.youtube.com/watch?v=QlNR9KCkUQo,SpaceX “We Choose”,,
http://www.cbrgovernment.com/healthcare/can-satellite-save-nhs/,Can satellite save the NHS?,,
https://www.teamten.com/lawrence/writings/norris-numbers.html,Norris Numbers – Walls you hit in program size (2014),,
https://medium.com/a/how-to-build-an-event-pipeline-within-1-hour-and-minimum-lines-of-code-in-aws-eb1bd0bb6cd2,AWS Event Pipeline in less than a hour,,
https://github.com/trailofbits/deepstate,DeepState augments C/C++ test-driven development with symbolic execution,,
https://github.com/aspnet/Blazor,Blazor: a .NET web framework that runs in any browser,,
https://metropolitan.fi/entry/data-center-heating-homes-yandex-sells-waste-energy-to-district-heating,Yandex sells data center waste heat to district heating grid,,
https://shitpost.plover.com/m/math.jobs-you-dont-want.html,The duties of John von Neumann's assistant (1993),,
https://dot.kde.org/2018/02/19/kde-receives-200000-usd-donation-pineapple-fund,"KDE receives 200,000 USD-donation from the Pineapple Fund",,
item?id=16411770,I will work on one project for free,,
https://www.irishtimes.com/culture/art-and-design/visual-art/sex-on-the-canvas-picasso-s-most-erotic-year-laid-bare-1.3392315,Sex on the canvas: Picasso’s most erotic year laid bare,,
https://medium.com/@natemurthy/all-the-things-i-hate-about-python-5c5ff5fda95e,All the things I hate about Python,,
http://www.heymeta.com,"Show HN: Hey Meta – Quickly check, improve and generate your website's meta tags",,
https://www.youtube.com/watch?v=wjwDAP35bQo,Kniterate: Digital Design Knitting Machine,,
https://tomastrajan.github.io/ngx-model-hacker-news-example,Show HN: A Hacker News client with focus on comments ergonomics (early preview),,
http://sinatrarb.com/2018/02/19/sinatra-2.0.1.html,Show HN: SINATRA 2.0.1 IS OUT,,
https://www.rexpad.com/,Show HN: Nimble collaborative note-taking,,
https://www.theguardian.com/higher-education-network/2018/feb/16/performance-driven-culture-is-ruining-scientific-research,Performance-driven culture is ruining scientific research,,
http://www.lihaoyi.com/mill/,Intro to Mill,,
item?id=16411662,Ask HN: Is it 'normal' to struggle so hard with work?,,
https://fgiesen.wordpress.com/2018/02/19/reading-bits-in-far-too-many-ways-part-1/,Reading bits in far too many ways,,
https://medium.freecodecamp.org/express-js-and-aws-lambda-a-serverless-love-story-7c77ba0eaa35,Express.js and AWS Lambda – a serverless love story,,
https://citrine-lang.org/,"Citrine, a programming language with icons",,
item?id=16411600,Ask HN: Do you work in ad tech industry?,,
http://glineq.blogspot.com/2018/02/how-is-world-ruled.html?m=1,How is the world ruled?,,
https://spiffe.io/docs/svid/,SVID – SPIFFE Verifiable Identity Document,,
https://github.com/Calamari/facebook-cleaner,Clean your Facebook account using ruby und selenium,,
https://blog.alexellis.io/full-time-openfaas/,I'm going to be working on OpenFaaS full-time,,
http://www.hashgraphsites.com/,Ask HN: I Wanna know about hashgraph projects and want to share it in my blog.,,
http://onlinelibrary.wiley.com/doi/10.1002/icd.2064/abstract,Sex differences in children's toy preferences,,
https://tectonic-typesetting.github.io/en-US/,Tectonic – LaTeX/XeTeX Restart in Rust with Modern UX,,
https://www.youtube.com/watch?v=tx-9LkVIdz0,How iFixit Became the World's Best iPhone Teardown Team [video],,
https://www.networkworld.com/article/3254778/linux/what-is-a-linux-oops.html,What is a Linux 'oops'?,,
https://blog.acolyer.org/2018/02/19/tracing-fake-news-footprints-characterizing-social-media-messages-by-how-they-propagate/,Tracing fake news: characterizing social media messages by how they propagate,,
http://radare.org/gsoc/2018/,Radare2 Reverse Engineering Framework GSoC'18 – Call for Students,,
https://medium.com/source-words/the-hack-typeface-build-testing-shootout-travis-ci-vs-semaphore-ci-d36ed45619ad,CI for open source: Travis vs. Semaphore,,
https://www.cnbc.com/2018/02/13/whistleblower-alleges-manipulation-in-the-vix-fear-gauge-urges-regulators-to-investigate.html,Whistleblower alleges manipulation in the VIX fear gauge,,
https://howucan.gr/scripts-tools/2896-metasploit-webapp-metasploit-framework-via-http-services,Metasploit webapp – Metasploit framework via HTTP services,,
item?id=16411414,Ask HN: ChaiOS bug explanation,,
https://mzucker.github.io/2016/08/01/gabor-2.html,Gabor^2: Approximating an image with Gabor functions,,
https://blog.zenkit.com/how-to-improve-business-growth-with-a-crm-system-f21f48ca876e,How to improve business growth with a CRM system,,
https://www.reddit.com/r/science/comments/7yegux/aaas_ama_hi_were_researchers_from_google,"AAAS AMA: Yann LeCun, Eric Horvitz, Peter Norvig Host an AMA about Applied AI",,
http://www.dailymail.co.uk/health/article-5404287/Scientists-create-human-sheep-hybrids.html,Scientists create first human-sheep hybrids,,
https://lapstimer.com/?utm_source=hacker_news,Laps Timer • Easy and URL Friendly Timer,,
https://github.com/thomasthiebaud/react-kit,Show HN: React-Kit now supports es6 and typescript,,
https://jvns.ca/blog/2018/02/18/working-remotely--4-years-in/,"Working remotely, 4 years in",,
https://dev.to/netlify/choosing-a-javascript-build-tool-to-config-or-not-config-2ia8,Choosing a JavaScript build tool: to config or not config,,
https://www.iafrikan.com/2018/02/19/footprint-fossils-suggest-lizards-have-been-running-on-two-feet-for-110m-years/,A glimpse into lizard locomotion 110M years ago,,
https://rollbar.com/blog/source-maps-in-production/,Debugging Production with Source Maps,,
https://medium.com/@its.girish/can-a-company-be-built-from-the-heart-7420cd10a920,Can a Company Be Built Entirely from the Heart,,
https://www.wisdomgeek.com/web-development/using-prettier-format-javascript-code/,Using Prettier to format your JavaScript code,,
https://howucan.gr/scripts-tools/2895-stacoan-static-code-analysis-on-mobile-applications,StaCoAn – static code analysis on mobile applications,,
http://www.businessinsider.com/silicon-valley-parents-raising-their-kids-tech-free-red-flag-2018-2,SV parents are raising their kids tech-free,,
item?id=16411313,Ask HN: Self hosted stats?,,
https://www.mongodb.com/transactions,Mongo 4.0 will support multi document ACID transactions,,
http://2ality.com/2016/10/rest-spread-properties.html,ES2018: Rest/Spread Properties,,
item?id=16411293,Ask HN: How are you securing your home network?,,
https://samsaffron.com/archive/2018/02/16/reducing-string-duplication-in-ruby,Reducing String duplication in Ruby,,
https://www.youtube.com/watch?v=CB8YAoyNzbg,Deep Learning for DNA Synthesis,,
http://www.bbc.co.uk/news/resources/idt-sh/deep_sea_mining,A secret on the ocean floor,,
https://twitter.com/defcon/status/963590909618089984,DEF CON Founder in Beijing Finalizing the Agreements for DEF CON China [Beta],,
https://www.theatlantic.com/science/archive/2018/02/the-more-gender-equality-the-fewer-women-in-stem/553592/?utm_source=atlfb&amp;single_page=true,"The More Gender Equality, the Fewer Women in STEM",,
https://invertedpassion.com/prediction-markets/,The many wonders of prediction markets,,
https://www.wefearchange.org/2010/06/import-this-and-zen-of-python.html,Import this and the Zen of Python,,
https://uncrunched.com/2018/02/18/the-real-history-of-techcrunch/,The Real History of TechCrunch,,
http://no-kill-switch.ghost.io/rashomon-effect-in-building-software/,Rashomon Effect (in building software),,
https://www.appcues.com/blog/product-overnight-success,How to Make Your Product an Overnight Success in Just 10 Short Years,,
https://maex.me/2018/02/dont-fear-the-makefile/,Dont fear the Makefile,,
https://medium.com/credithydra/proof-of-concept-example-for-a-lending-platform-part-3-bda020bc4064,Proof-of-concept example for a lending platform on blockchain,,
https://www.whitehouse.gov/articles/cea-report-cost-malicious-cyber-activity-u-s-economy/,The Cost of Malicious Cyber Activity to the U.S. Economy,,
https://news.nationalgeographic.com/2018/02/sheep-human-hybrids-chimeras-crispr-organ-transplant-health-science/,Sheep-Human Hybrids Made in Lab–Get the Facts,,
https://caramel.la/,"Caramella, the New Internet",,
https://alexstern.me/daily-insights/pricing-scheme-of-live-tv-services,The Peculiar Pricing Model of the Live TV Services,,
https://medium.com/@tamas_19368/behind-the-scenes-this-is-how-were-building-a-product-%EF%B8%8F-e95511c17381,We’re building a product and sharing everything we learn,,
https://blog.sourcerer.io/ascii-art-dead-or-alive-cc237391e5d8,Ascii art – dead or alive?,,
https://alexstern.me/daily-insights/uber-intl-growth-strategy,Uber International Growth Strategy,,
https://99percentinvisible.org/episode/managed-retreat/2/,A 1700-ton telco building that was relocated while running in 1950,,
http://slatestarcodex.com/2014/05/12/weak-men-are-superweapons/,Weak Men Are Superweapons,,
https://techcrunch.com/2018/02/16/barnes-noble-is-killing-itself/,Barnes Noble is killing itself,,
https://www.coreblox.com/blog/2018/2/identity-as-a-microservice,Identity as a Microservice,,
item?id=16411008,Ask HN: Best option to host an MVP within budget?,,
https://medium.com/capital-one-developers/toward-a-functional-programming-analogy-for-microservices-ba6f49b94ad,Toward a Functional Programming Analogy for Microservices,,
http://blog.peterplucinski.com/setting-up-jwt-authentication-with-laravel-and-vue-part-1/,Setting Up JWT Auth with Laravel and Vue JS,,
http://www.thedrive.com/the-war-zone/17835/this-ancient-suit-of-elephant-armor-holds-the-record-for-the-largest-of-its-kind,This Ancient Suit of Elephant Armor Holds the Record for the Largest of Its Kind,,
http://www.stat.cmu.edu/~cshalizi/ADAfaEPoV/ADAfaEPoV.pdf,Advanced Data Analysis from an Elementary Point of View (2017) [pdf],,
https://www.bettermanager.us/the-four-pillars-of-better-management-2-team/,"Treat your direct reports, the way you'd want your boss or board to treat you",,
https://www.thenation.com/article/special-investigation-the-dirty-secret-behind-warren-buffetts-billions/,Special Investigation: The Dirty Secret Behind Warren Buffett’s Billions,,
https://bwasti.com/math,Show HN: A small symbolic math command line using algebrite and katex,,
https://sfconservancy.org/blog/2018/jan/30/shawn-pearce/,"Shawn Pearce (git contributor, gerrit code review creator) passed away",,
https://phonesdiary.com/google-analytics-assessment-two-answer/,Google Analytics Assessment Two Answer,,
https://medium.com/@devins/you-are-being-manipulated-de2640984866?hn,You are being manipulated,,
http://humantransit.org/2017/07/the-dangers-of-elite-projection.html,The Dangers of Elite Projection,,
https://medium.com/virtuslab/typeclasses-scala-be35c0ef0ee9,5 steps of creating your very first Type Class in Scala,,
item?id=16410873,Ask HN: Can't code for hours since it became a job,,
https://medium.com/@mmeditations/the-inner-path-to-clear-thinking-thoughts-from-a-cia-veteran-f13912c1bbb,The Inner Path to Clear Thinking: Thoughts from a CIA Veteran,,
https://medium.com/the-polymath-project/im-funny-and-i-m-not-afraid-to-use-it-333b28121e21,Laughter as a Window into Human Nature,,
https://gizmodo.com/falcon-heavy-may-have-drastically-increased-the-number-1823116009,Falcon Heavy May Have Drastically Increased the Number of Asteroids We Can Mine,,
https://medium.com/@tom.suffern.wright/automating-with-ansible-building-a-vpc-c252944d3d2e,Automating with Ansible: Building a VPC,,
https://www.reddit.com/r/ethereum/comments/7yf2xi/372_ether_bounty_has_been_paid_for_building_the/,372 ether bounty has been paid for building a Doge-Ethereum bridge,,
https://gist.github.com/BruceZu/623ec894bb730ccd0dd7705d7809ea5d,RIP,,
https://github.com/jeswin/basho,Show HN: Shell Automation with JavaScript and Lazy Evaluation,,
https://medium.com/@micahtinklepaugh/holograms-in-the-wild-ar-vs-mr-9a3170a376d4,Holograms in the Wild: AR vs. MR,,
https://www.dailycodingproblem.com/blog/knights-tour/,How to Solve the Knight's Tour Problem in Python,,
https://juliaobserver.com/p,Julia Observer – A Browsing Tool for the Julia Ecosystem,,
https://wine-staging.com/news/2018-02-17-future-wine-staging.html,Future of Wine Staging,,
https://dev.to/yos/excerpts-from-the-clean-coder--2ddb,Excerpts from 'The Clean Coder',,
https://juliagalef.com/2017/01/06/a-taxonomy-of-books-that-change-your-worldview/,A taxonomy of ways books change your worldview,,
https://www.infoworld.com/article/3254574/web-development/microsofts-blazor-project-runs-net-in-the-browser.html,Microsoft’s Blazor project runs .Net in the browser,,
https://www.theatlantic.com/technology/archive/2018/02/chinas-dangerous-dream-of-urban-control/553097/?single_page=true,China's Dystopian Tech Could Be Contagious,,
https://www.givedirectly.org/blog-post?id=4111833919552876354,Longer-term impacts of GiveDirectly transfers – first evidence,,
https://medium.com/@refsrc/wikipedia-zero-which-provided-over-800-million-users-in-72-countries-with-access-to-wikipedia-at-ff3014a122e6,Controversial Wikipedia Zero Programme Shuts Down After Six Years,,
https://twitter.com/freethink_r/status/964773073051271168,Can Twitter be a Truth protocol?,,
https://www.cityfalcon.com/watchlists?assets=Bitcoin&utm_campaign=KO_ycom,Petro Cryptocurrency – Risky Gamble or Golden Opportunity?,,
item?id=16410730,Bitcoin will still dominate the crypto market,,
https://exyr.org/2018/rust-arenas-vs-dropck/,Borrow cycles in Rust: arenas v.s. drop-checking,,
https://semiengineering.com/transistor-options-beyond-3nm/,Transistor Options Beyond 3nm,,
https://www.wsj.com/articles/silicon-valley-explores-a-new-investment-your-home-1518955201,Silicon Valley Explores a New Investment: Your Home,,
https://www.techinasia.com/china-ecommerce-rural-small-cities,Where Chinese ecommerce giants see their next phase of growth,,
http://coinsocial.io/2018/02/19/number-crypto-hedge-funds-doubled-last-4-months/,The number of Cryptocurrency Hedge Funds doubled in the last 4 months,,
https://99percentinvisible.org/article/concrete-airmail-arrows-accessing-bay-areas-unique-double-arrow-set/,Concrete Airmail Arrows: Accessing the Bay Area’s Unique ‘Double Arrow’ Set,,
https://medium.com/@AxieInfinity/axie-infinity-is-opening-presale-89cbd1c38616,Axie Infinity is opening presale,,
https://lkml.org/lkml/2018/2/18/188,Linux 4.16-rc2 released,,
item?id=16410592,Ask HN: Time management strategies that made the greatest impact on productivity,,
https://www.economist.com/news/china/21737136-gui-minhais-fate-being-closely-observed-critics-china-hong-kong-chinese-police-snatch,Chinese police snatch a Swedish publisher and parade him on TV,,
https://dev.to/flexdinesh/short-circuit-assignment-in-javascript--4k80,Short Circuit Assignment in JavaScript,,
https://www.digitalocean.com/community/tutorials/digitalocean-ebook-how-to-code-in-python,Free Educational EBook – Learn How to Program in Python 3,,
https://dev.to/aurelkurtula/setting-up-a-minimal-node-environment-with-webpack-and-babel--1j04,Setting up a minimal Node environment with Webpack and Babel,,
https://tmthyjames.github.io/posts/Predicting-Musical-Genres/,Predicting Musical Genre Using Lyrics (with D3.js Dashboard),,
https://gizmodo.com/researchers-say-theyve-created-a-90-accurate-blood-tes-1823087752,Researchers Say They've Created a 90% Accurate Blood Test for Autism,,
http://www.mooreds.com/wordpress/archives/2761,Speed up development by catching your mail locally,,
https://www.washingtonpost.com/opinions/global-opinions/waking-up-to-chinas-infiltration-of-american-colleges/2018/02/18/99d3bee8-13f7-11e8-9570-29c9830535e5_story.html,Waking up to China’s infiltration of American colleges,,
https://medium.com/@cdixon/why-decentralization-matters-5e3f79f7638e,Why Decentralization Matters,,
https://capitalandgrowth.org/articles/859/book-summary-the-power-of-habit.html,How  Toothpaste Became a Mainstream Product,,
https://unitedlocksmith.net/blog/how-to-pick-locks-the-definitive-guide-to-lock-picking,How to Pick Locks: The Definitive Guide to Lock Picking,,
https://github.com/ubolonton/emacs-module-rs,Writing Emacs's dynamic modules in Rust,,
http://www.chinalawblog.org/law-topics/criminal-defense/164-china-criminal-procedure-overview,China Criminal Procedure Overview,,
https://www.nbcnews.com/news/amp/ncna844731,"Twitter deleted 200,000 Russian troll tweets. Read them here",,
https://github.com/boyter/lc,Licencechecker command line application which identifies what license things are,,
https://techsolidarity.org/resources/security_key_facebook.htm,How to add a security key to Facebook,,
http://7fff.com/2018/02/transitioning-to-programming/,Transitioning to being a programmer,,
http://jsonlines.org/,JSON Lines: Newline-Line Delimited JSON,,
http://wheresthecheck.com/,Where's the check?,,
http://www.askamathematician.com/2018/02/q-how-hard-would-it-be-to-keep-the-moon-from-drifting-away/,How Hard Would It Be to Keep the Moon from Floating Away?,,
https://en.wikipedia.org/wiki/Vickrey–Clarke–Groves_auction,Vickrey–Clarke–Groves auction,,
https://www.codewars.com/,Codewars: Train with Programming Challenges/Kata,,
item?id=16410358,Ask HN: What sci-fi most resembles the Strugatsky brothers' “Roadside Picnic?”,,
https://www.americanbar.org/content/dam/aba/events/real_property_trust_estate/symposia/2009/tara_hoffner_7_192_aba2009_spring_materials_delaware_statutory_trusts_3_.authcheckdam.pdf,Delaware Statutory Trusts (2009) [pdf],,
https://github.com/brocode/dnswait,Dnswait – get notified when your domain is ready to use,,
https://www.wired.com/story/whos-going-to-buy-the-international-space-station,Who's Going to Buy the International Space Station?,,
http://m.me/CryptoNotifier,Show HN: CryptoNotifier – A FB messenger bot to track crypto changes,,
http://onboardwithit.com/index.html,Boardgame simulations of IT management,,
https://www.msn.com/en-us/finance/markets/this-founder-lived-in-a-nursing-home-for-3-months-to-get-his-start-up-off-the-ground/ar-BBJfGMA,Founder lived in a nursing home for 3 months to get his start-up off the ground,,
http://nationalpost.com/feature/he-was-a-viral-sensation-before-the-internet-cheapened-that-status,Troy Hurtubise's dream of fighting a grizzly in homemade armour still haunts him,,
https://www.cnbc.com/2018/02/16/gig-economy-workers-must-get-creative-to-save-for-retirement.html,The gig economy is lacking in this one important respect,,
https://www.amazon.com/Outfit-Compare/b?ie=UTF8&node=16329084011,Outfit Compare,,
https://www.getspeakeasy.co/,Alexa Flash Briefings – No Coding Required – Say Hello to Speakeasy,,
https://www.cypress.io/,"Cypress.io: Fast, easy and reliable testing for anything that runs in a browser",,
http://www.dailydemocrat.com/article/NI/20180215/BUSINESS/180219914,"California bill AB2372 would reward developers with lower tax/fees, waived rules",,
https://www.quora.com/As-a-beginner-Python-I-find-recursion-very-difficult-to-understand-Is-it-normal-to-have-this-difficulty/answer/Max-Ri-1?prompt_topic_bio=1&amp;share=1,I find recursion difficult to understand. Is it normal to have this difficulty?,,
https://www.sciencedirect.com/science/article/pii/S174228761730364X,Keystroke dynamics features for gender recognition,,
https://www.foreignaffairs.com/articles/united-states/2018-02-15/why-drones-are-still-future-war,Why Drones Are Still the Future of War,,
http://www.smashcompany.com/philosophy/the-smart-way-for-russia-to-help-trump-manipulate-votes-to-elect-democrats,The smart way for Russia to help Trump: manipulate votes to elect Democrats,,
https://endquote.net,EndQuote.net – Audio Transcription based on neural network,,
https://www.edge.org/conversation/george_church-church-speaks,Church Speaks: A Conversation with George Church,,
https://arxiv.org/abs/1802.05319,500+ Times Faster Than Deep Learning,,
item?id=16409945,Ask HN: Online therapy TalkSpace lied about IRS tax rules. What can I do?,,
https://en.wikipedia.org/wiki/ALGOL,Ask HN: Anyone available to translate an Algol project into Ruby/Python?,,
https://github.com/wybiral/hookah,Hookah: Tool for orchestrating WebSocket pipelines/firehose streams,,
http://arun.is/blog/secure-file-cabinet/#,Secure Files on Mac with Disk Utility,,
https://www.nytimes.com/2018/02/18/business/media/google-chrome-ad-block.html?rref=collection%2Fsectioncollection%2Ftechnology&action=click&contentCollection=technology&region=stream&module=stream_unit&version=latest&contentPlacement=1&pgtype=sectionfront,"Google Chrome Now Blocks Irksome Ads. That’s a Good Thing, Right?",,
https://janmolak.com/tiny-types-in-typescript-4680177f026e,Tiny Types in TypeScript,,
http://tensorflowbook.com/?new,Machine Learning with TensorFlow is now published,,
https://www.itnews.com.au/feature/is-consumer-3d-printing-over-before-it-begins-485279,Is consumer 3D printing over before it begins?,,
https://graphqlme.com/2017/09/09/are-you-afraid/,Are You Afraid?,,
https://www.nature.com/articles/d41586-018-01668-0,Find Drugs That Delay Many Diseases of Old Age,,
http://www.kguttag.com/2018/02/17/2018-ces-haier-laser-projector-watch-wrist-projector-scams-revisited/,Haier Laser Projector Watch – (Wrist Projector Scams Revisited),,
https://www.npmjs.com/package/node-package,Show HN: Web component for showing NPM info,,
https://itunes.apple.com/us/app/active-circles/id1348466506?mt=8&app=itunes&ign-mpt=uo%3D4,Show HN: Active circles,,
item?id=16409768,Ask HN: What has HN given you?,,
https://en.wikipedia.org/wiki/Moral_disengagement,Moral disengagement,,
item?id=16409741,Ask HN: Is something injecting code inside webpages?,,
https://www.upi.com/Science_News/2018/02/15/95-new-exoplanets-discovered-during-NASAs-K2-mission/3011518722771/,95 new exoplanets discovered during NASA's K2 mission,,
https://log.ao.gl,"Show HN: Log, inspect and debug HTTP/HTTPS requests and webhooks the easy way",,
